{"Objective_0-max": [0.03084541105275608], "Objective_1-max": [0.0], "Objective_2-max": [534.6387861638985], "Objective_3-max": [0.0]}
{"Objective_0-max": [0.03828607764821158], "Objective_1-max": [1.0], "Objective_2-max": [465.3947038793456], "Objective_3-max": [0.0]}
{"Objective_0-max": [0.04600279076683289], "Objective_1-max": [1.0], "Objective_2-max": [633.5722619367239], "Objective_3-max": [0.0]}
{"Objective_0-max": [0.06927668223319637], "Objective_1-max": [1.0], "Objective_2-max": [515.4861073137674], "Objective_3-max": [0.0]}
{"Objective_0-max": [0.0927421636752712], "Objective_1-max": [1.0], "Objective_2-max": [517.5473798712982], "Objective_3-max": [0.0]}
{"Objective_0-max": [0.13229949661300452], "Objective_1-max": [1.0], "Objective_2-max": [495.85918473435754], "Objective_3-max": [0.0]}
{"Objective_0-max": [0.18056047167601727], "Objective_1-max": [1.0], "Objective_2-max": [471.24840393774934], "Objective_3-max": [0.0]}
{"Objective_0-max": [0.2520847549545302], "Objective_1-max": [1.0], "Objective_2-max": [470.62093762673044], "Objective_3-max": [0.0]}
{"Objective_0-max": [0.2846801211368511], "Objective_1-max": [1.0], "Objective_2-max": [502.20520583464975], "Objective_3-max": [0.0]}
{"Objective_0-max": [0.33241916043282055], "Objective_1-max": [1.0], "Objective_2-max": [511.7007562512123], "Objective_3-max": [0.0]}
{"Objective_0-max": [0.45036358231722357], "Objective_1-max": [1.0], "Objective_2-max": [524.5194090323592], "Objective_3-max": [0.0]}
{"Objective_0-max": [0.36706677986365727], "Objective_1-max": [1.0], "Objective_2-max": [524.1572673444082], "Objective_3-max": [0.0]}
{"Objective_0-max": [0.46906045802312285], "Objective_1-max": [1.0], "Objective_2-max": [517.3265283821014], "Objective_3-max": [0.0]}
{"Objective_0-max": [0.3585155590939438], "Objective_1-max": [1.0], "Objective_2-max": [507.3690763425378], "Objective_3-max": [0.0]}
{"Objective_0-max": [0.35777680521866234], "Objective_1-max": [1.0], "Objective_2-max": [517.5994948550817], "Objective_3-max": [0.0]}
{"Objective_0-max": [0.38062341177454884], "Objective_1-max": [1.0], "Objective_2-max": [505.12989161168224], "Objective_3-max": [0.0]}
{"Objective_0-max": [0.5989148814658538], "Objective_1-max": [1.0], "Objective_2-max": [514.3737118355004], "Objective_3-max": [0.0]}
{"Objective_0-max": [0.6434348206872937], "Objective_1-max": [1.0], "Objective_2-max": [527.5486098737824], "Objective_3-max": [0.0]}
{"Objective_0-max": [0.5477285584815498], "Objective_1-max": [1.0], "Objective_2-max": [510.66434310506634], "Objective_3-max": [0.0]}
{"Objective_0-max": [0.5639679835950812], "Objective_1-max": [1.0], "Objective_2-max": [543.7713586934028], "Objective_3-max": [0.0]}
{"Objective_0-max": [0.5899434360247711], "Objective_1-max": [1.0], "Objective_2-max": [537.412032670329], "Objective_3-max": [0.0]}
